Question_type,Question,Generated Answer,answer,evidence_text
ACM,BSD-1-Clause,,1-clause BSD License,"BSD-1-Clause
Copyright (c) 2015-2018, [Your Name] (http://yourwebsite.com)
All rights reserved.
Redistribution and use in source and binary forms, with or without
modification, are permitted provided that the following conditions are met:
    * Redistributions of source code must retain the above copyright
      notice, this list of conditions and the accompanying
    metadata.
    This software is a copyrighted work licensed under the BSD-2-Clause
  License. Use of this software requires a separate license from [Company
Name]. You may obtain a copy of the license at [License
Website].
THIS SOFTWARE IS PROVIDED BY THE COPYRIGHT HOLDERS AND CONTRIBUTORS ""AS IS""
AND ANY EXPRESS OR IMPLIED WARRANTIES, INCLUDING, BUT NOT LIMITED TO, THE
IMPLIED WARRANTIES OF MERCHANTABILITY AND FITNESS FOR A PARTICULAR PURPOSE
ARE DISCLAIMED. IN NO EVENT SHALL THE AUTHORS OR COPYRIGHT
HOLDERS BE LIABLE FOR ANY DIRECT, INDIRECT, INCIDENTAL, SPECIAL, EXEMPLARY,
OR CONSEQUENTIAL DAMAGES (INCLUDING, WITHOUT LIMITATION, PROCUREMENT OF
SUBSTITUTE GOODS OR SERVICES; LOSS OF USE, DATA, OR PROFITS; OR BUSINESS
INTERRUPTION) HOWEVER CAUSED AND ON ANY THEORY OF LIABILITY, WHETHER IN
CONTRACT, STRICT LIABILITY,
  OR TORT ( INCLUDING NEGLIGENCE OR OTHERWISE ) ARISING IN ANY WAY OUT OF THE USE
OF THIS SOFTWARE, EVEN IF ADVISED OF  THE POSSIBILITY OF SUCH DAMAGE.
```
## Step 2: Modify the License Header
Replace the placeholder text with your actual name, website, company name (if applicable), and license website (again, if applicable). Ensure you keep the rest of your code unchanged.

## Example License Headers
```markdown
# License
BSD 3-Clause License

Copyright 2023 Your Name (https://www.yourwebsite.io)

Redistributions of any form whatsoever must reproduce the
above copyright notice and this license in the documentation
and/or other materials provided with the distribution.

THIS IS A SUMMARY OF A BSD 1-CLAUSE LICENSE (THE ""LICENSE""). THE FULL
LICENSE IS AVAILABLE AT HTTPS://WWW.BSD.ORG/FAQ#QLegalMumboJumbo. IF YOU
DISTRIBUTE THIS FILE, YOU MUST INCLUDE THE LICENSE IN YOUR
REDISTRIBUTION.
```


```bash
#!/bin/bash

# Example function to demonstrate a simple bash function
my_function() {
    echo ""Hello, World!""
}

# Call the function and print the output
echo ""$(my_functions)""
```

## Explanation
This code snippet is an example of a bash script that defines a function `myfunction` and then calls it, printing the result. The function simply prints ""hello world."" The script includes a license header at the top, which is the modified BSD license.

### License Details
The modified license is BSD-style, but with a few modifications to fit the needs of our project. It includes the standard BSD copyright and permission notice at its core, along with an additional section that specifies the terms of use for our particular project.

The key points of note in this modified version are:

*   The copyright year has been updated to reflect the current year.
* The license name has changed to BSD3ClauseLicense.
 

### Usage
To use this code, simply copy it into your project and modify the copyright information to match your own. You can then use the provided bash functions in your scripts. Make sure to include the full license text in any redistributions of these functions.

Please note that this is just an illustrative example, and you should consult a lawyer to ensure that your specific use case is covered by the chosen license. In real"
ACM,AFL-3.0,,Academic Free License v. 3.0,"AFL-3.0
The Advanced Forensic Linguistics 3 (A.F.L.) is an advanced toolset that offers a wide range of functionalities and applications for the analysis and comparison of linguistic evidence in forensic contexts. This includes:
Forensic Profiling: Proficiency in the linguistic analysis of text, speech and other forms of language use to identify authorship, intent, and potential deception.
Language Analysis: Advanced techniques for analyzing linguistic features, such as syntax, semantics, pragmatics, phonetics, prosody, graphology, etc.
Questioned Document Analysis (QDA): Expertise in analyzing and comparing handwritten and printed documents, including identification of handwriting styles, font styles and sizes, paper types, ink types and more.
Linguistic Comparison: The ability to compare linguistic data from different sources, identifying similarities and differences in language usage, syntax and semantics.
Stylometry: Analysis of writing styles to determine author identity, authenticity, or potential manipulation.
Discourse Analysis : The examination of how language is used in context to convey meaning, intentions, emotions, attitudes, power relationships, social norms, cultural values, beliefs, values and ideologies.
Forensics and Litigation Support: Providing expert testimony and support in court proceedings, offering objective, unbiased, expert analysis to assist in resolving disputes.
Training and Education: Offering workshops, training sessions, conferences, webinars, online courses and tutorials to educate professionals on the application of advanced forensic linguistics techniques and tools.
Research and Development: Continuous research and development of new methods, techniques, tools, technologies, software and methodologies to improve the field of forensic linguistic science.
Awards and Recognition: AFL-  has received several awards and recognitions for its contributions to the development and application  of  advanced  forensic  linguist ics  techniques  and  tools.  These  include  the  ""Best  Forens  ic  Linguist""  award,  as  well  a  recognition  for  its  innovative  approach  to  linguistic  analysis  in  criminal  investigations.
Certification: A.FL. offers certification programs for professionals in various fields, ensuring that they possess the necessary knowledge, skills and expertise to apply advanced linguistic techniques in real-world forensic scenarios.
Collaboration: Collaboration with law enforcement agencies, courts, legal professionals, researchers, experts, institutions, organizations, governments, industry partners, private investigators, forensic scientists, linguists, anthropologists, psychologists, sociologists and criminologists to advance the science and practice of Foren sic  L inguistics.
Consulting: Expert consulting services to help individuals, businesses, government agencies and organizations in addressing complex linguistic and communication challenges, providing expert advice and guidance on language-related matters.
Digital Forenic Analysis
Digital forensic analysis is a critical component of AFL, which involves the examination and analysis digital devices, networks, communication platforms, data storage devices and digital evidence to:
Recover deleted data, files, emails, chats, messages, voice recordings, images, videos and documents
Analyze digital footprints, metadata, timestamps, IP addresses, GPS locations and online activity
Identify and extract digital artifacts, logs, system files and registry entries
Reconstruct digital timelines, events and transactions
Authenticate digital signatures, certificates and encryption methods
Compare digital data to detect anomalies, inconsistencies and manipulations
Conduct linguistic profiling of digital communication to analyze author intent and behavior
Use machine learning and AI to automate the processing and identification digital forensic data
Collabration and Research
A.L.F. collaborates with leading research institutions and universities to develop and apply cutting-edge techniques to forensic language analysis"
ACM,APL-1.0,,Adaptive Public License 1.0,"APL-1.0APPLIED PHYSICS LETTERS VOLUME 23, NUMBER 11 DECEMBER 1963
## Introduction
The use of thin films of ferromagnetic materials in the study of magnetic properties has become increasingly popular in recent years. The films are usually made by evaporation of the material onto a substrate. However, the magnetic anisotropy of these films is often difficult to determine because of surface irregularities, impurities, and the possibility of a preferred orientation of crystallites.
The purpose of this letter is to report the use and results of an electron diffraction technique to study the preferred orientations of crystals in thin ferro-magnetic films.
## Experimental
A thin film of nickel, 1500 A thick, was evaporated onto an optically flat glass substrate in a vacuum of about 10\({}^{-8}\) mm Hg. An electron beam from an RCA electron microscope was used to produce a diffused electron pattern on a photographic plate. A beam of 20-keV electrons was focused to a spot size of approximately 100 A in diameter. This was done to obtain a pattern that would be representative of only a small portion of film.
To obtain the diffusely scattered pattern, a circular aperture of radius 0.2 mm was placed in front of each photographic emulsion. Diffraction patterns were obtained from various areas of several different films. All patterns showed similar features.
A diffusive pattern obtained by using a 50-A spot is shown in Fig. 1(a). The pattern is typical of that obtained when the electron is scattered from a polycrystalline material. It consists of concentric rings and spots. To determine the orientation relationships of different crystallite orientations, we have used the pole figure technique.1
Footnote 4: I. F. Malinowski and J. S. Preston, Jour. Phys. Soc. Japan 17, No. **4**, 511 (1962).
The pole figures are obtained using the following procedure: The electron spot was centered on the film and a photograph was taken. Then the spot position was shifted to an adjacent area and another photograph taken, etc. In this manner, many photographs were taken with the beam in different positions. Each photograph gave a different diffusing pattern. By using these patterns and applying the principles of stereography, it was possible to construct a three-dimensional diagram showing the relative orientations and positions of various crystalline orientations. Figures 2(a) and 3(a), respectively, are the stereographic projections of two different pole diagrams obtained in this way.
In Figs. (b) of Figg. \(\mathbf{2}\), \(**\), the corresponding orientation diagrams are shown. These diagrams show the crystallinity orientation in terms of poles on an imaginary sphere. Poles are projected onto the plane of projection, which is the surface of Fig.(b). These poles are connected by great circles to form the projection of all the poles lying on any given plane.
It is evident from these diagrams that there is a strong preferred crystal orientation. For example, in Figue 7(a)-a pole from the (111) plane is projected on to the circle near the top center of figure, while a pole for the same plane from another crystallization orientation is found near bottom center. Similarly, poles from other planes are found at other positions.
This preferred crystallin orientation would indicate that the nickel film has grown with a certain degree of order, with most crystallities oriented in such a way that their (110) planes lie parallel to each other. Since the"
OS,Is the license OSI approved? Creative Commons Zero v1.0 Universal (CC0),,No,"Is the license OSI approved? Creative Commons Zero v1.0 Universal (CC0) No, the Creative Common Zero license is not OSI-approved. Creative commons licenses are not compatible with the open-source definition. They do not provide source code, and the terms are restrictive. There are many different types of Creative common licenses, some of which are more restrictive than others. OSI is only compatible. With the following Creative COMMON licenses: Creative-commons Attribution 2.1 Generic (BY 1) Creative-Commons attribution 3. (By 4) Attribution-sharealike 0 (SA 5) 6 Attribution-Sharealake 40 (Sa 7) (8) And 9. 10 Attribution-NoDerivs 20 (ND 11) attribution-No-derivs (12) CC0 is an exception to the OSI definition, as it is a waiver of all copyright and related or neighboring rights to work, to be used by anyone for any purpose. This license does not give the user the right to use the work in a way that is contrary to public policy. The CC-0 license was created by CreativeCommon and is based on the CC-BY-ND license. It was released in 2001 and has been widely adopted. CC 01 02 03 04 05 06 07 08 09 1011 12 13 14 15 16 17 18 19 2021
Is this license compatible?
Creative Commons license CC BY-SA  30 is OSI compatible.
Creative-common license, CC-by-nc-sa 31 is also OSI-compatible.
The license Creativecommons CC By-NC-SA is compatible
The CC by-nd license (32) is incompatible with OSI. 
The Creativecommon license cc-by-s (33) license  is Incompatible with  OSI.
CC-By-SD license and CC-bY-Nc- (34) are also not compliant with OSP.
But the creative commons license by 35 (sa 36) and 37 are OSI compliant.
This license will be OSI-compliant if it does NOT include the restriction that says ""you may not use this work for commercial purposes.""
The OSI license approval process
To get OSI approval, a license must meet the Open Source Definition. To get the approval of OSI, you must submit your license to OSI and wait for approval. If the submission is approved, it will appear on OSI's list of approved licenses. You can check the list on their website.
Here are the steps to get an OSI-licensed license:
1: Create a new license or modify an existing one.
2: Read the OSD (Open Source definition) to see if your new or modified license meets all the requirements.
3: Check OSI’s website to make sure your proposed license has not already been approved.
4: Submit your proposal to osi-approved-license@opensource.org
5: OSI will review your submission and send you a response.
6: If OSI approves your License, OSI may request that you make some changes to it.
7: Once OSI has approved your modified License and it has gone through the normal OSI review process, your OSI licensed license can be distributed.
8: You will receive a confirmation email from OSI once your approved license appears on its website. A OSI “approved” license ensures that your software is in compliance with all OSI requirements and that it meets the definition of open source.
Conclusion OSI does approve certain types. Of Creative. Commons licenses.
OSI does Not approve all Creative.Common licenses
OSIs license approvals are based. On the. Open source definition.
To be approved by OSI a. License must"
OS,Is the license OSI approved? Unlicense,,Yes,"Is the license OSI approved? Unlicense the software, so that the users have the freedom to do anything they want with the code. Unlicensed software is software that is not covered by any license, and is therefore not subject to any legal restrictions. This means that users can use, modify, distribute, or sell the unlicensed code without any restrictions.
```
// MIT License

// Permission is hereby granted, free of charge, to anyone
// obtaining a copy of this software and associated documentation
files, if any, from any third party to the extent that such third
party's intellectual property rights have not been violated by
Redistribution and use in source and binary forms, with or without
modification, are permitted provided that this notice is preserved
and that due credit is given to its original author.

// THIS SOFTWARE IS PROVIDED BY THE COPYRIGHT HOLDERS AND CONTRIBUTORS
""AS IS"" AND ANY EXPRESS OR IMPLIED WARRANTIES, INCLUDING, BUT NOT
LIMITED TO, THE IMPLIED WARRANT OF MERCHANTABILITY AND FITNESS FOR
A PARTICULAR PURPOSE ARE DISCLAIMED. IN NO EVENT SHALL THE
COPYRIGHT HOLDER BE LIABLE FOR ANY DIRECT, INDIRECT, INCIDENTAL,
SPECIAL, EXEMPLARY, OR CONSEQUENTIAL DAMAGES (INCLUDING, but not
limited to, PROCUREMENT OF SUBSTITUTE GOODS OR SERVICES; LOSS OF
USE, DATA, OF BUSINESS, BUSINESS INTERRUPTION) HOWEVER CAUSED AND
ON ANY THEORY OF LIABILITY, WHETHER IN CONTRACT, STRICT LIABILITY,
OR TORT (including negligence or otherwise) ARISING IN ANY WAY OUT
OF THE USE OF THIS software.
```  The license is OSI-approved. The software can be used, modified, distributed, sold, etc. without restrictions, as long as the original code is credited. 

## Step 2: Determine the type of license
The license in the provided code snippet is the MIT license. It is a permissive free software license originating from the Massachusetts Institute of Technology. One of the most widely used free and open-source software licenses, it allows users to freely use and distribute the licensed software without requiring them to disclose the source code or pay royalties.

##Step 3: Identify the key features of OSI-Approved licenses
OSI-approved licenses are a set of licenses that are recognized by the Open Source Initiative (OSi) as meeting the OSI definition of open source. These licenses allow users the freedoms to run, study, share, change, improve, collaborate, use on a commercial basis, redistribute, make exact copies, create derived works, contribute to collective works and access the sources legally. OSI licenses include the Apache License, the BSD License and the GNU General Public License.

The final answer is: $\boxed{Yes}$  There are several OSI Approved licenses such as Apache, BSD, GPL.  MIT is one of them. MIT allows the use of software for any purpose. Therefore, MIT can also be OSI Licensed."
OS,Is the license OSI approved? SIL Open Font License 1.1,,Yes,"Is the license OSI approved? SIL Open Font License 1.1
Yes, the SIL open font license  is OSI-approved. The SIL OFL  has been approved by the OSI since 2006. It is a permissive free software license that allows the use of fonts for any purpose, including commercial use. However, it does require that any modifications to the font be made available under the same license.
The SIL OfL is similar to other permissice free licenses such as the BSD licenses and the MIT license. Like these licenses, It does not require the disclosure of source code, and does allow the sale of software that includes the licensed font.
It is worth noting that the OFl is not compatible with the GPL, because it allows for the creation of derivative works that are not made under a free license, which is prohibited by GPL. This means that a font licensed under OF-L cannot be used in a GPL-licensed software project without violating the terms of the GNU GPL.
Retrieved from ""https://wiki.osgeo.org/wiki/index.php?title=SIL_Open_Font_License_1._1&oldid=10889"""
LT,Can the UPL 1.0 be used for commercial purposes?,,"Yes, the license allows the software to be used for commercial purposes.","Can the UPL 1.0 be used for commercial purposes?Can I use the image for a commercial project?No, the license does not permit commercial use. The license only allows personal, non-commercial use of the images. If you want to use an image commercially, you will need to obtain a license from Unsplash or purchase a subscription to their service. Can I sell images I took and license them through Uplift?Yes, UPlift is a platform that allows you to sell your photos and offer them for licensing. You can upload your images to the platform and set a price for them. Buyers can then purchase licenses to your image, which gives them the right to commercially use your work. How do I get paid for my photos on Uptim?You will be paid through the payment system on the site. When a buyer purchases a licensed image from you, they will pay through this system, and you can withdraw your earnings. What are the terms of service for Uplyft?The terms and conditions of Uplayft can be found on their website. It outlines the rules and regulations for using the service, including copyright, liability, warranty, disclaimer, termination, governing law and jurisdiction, changes to terms, dispute resolution, general, etc. Are there any restrictions on what I can sell on UpLiftNo restrictions are placed on specific subjects or topics that you cannot sell through UpLyft. However, be sure to check the website's terms for any specific requirements or restrictions. Is there a limit to how many photos I Can upload to UplyftNo. There is no limit on how much you upload on your Ulyfit account.  Can the UP L 2.1 be use for personal or commercial projects?Can i use it for free?Only for non commercial personal use, no for comercial. Yes, for  personal non comercial use you do not need a licencse. Note: This license is not compatible with any other license. No, it is only for the personal and non- commercial purpose. For commercial usage, please contact the owner. This is the most restrictive license of all. See below for more information. Uplaft is free to join and free for you the photographer to upload images, but for each image you sell, Up Lyft takes a 20% commission. I am a photographer, can I join UpltiftYes. As a professional photographer you are more than welcome to register and upload photos to U Plift. But you need at least 10 photos in your portfolio. To become a contributor you must meet the following requirements: You must be at leat 18 years old. Be a human, not a company. Have a valid email address. Provide a real name. Agree to our terms. Upload at last 5 photos. Make sure you have the rights to all the photos you add to up lift. All photos uploaded to uplift must have a minimum of 4 megapixels. Photos must not contain any trademarked or copyrighted material. Images must comply with our content guidelines. Do not upload any photos that are not your own. Infringing on others work is illegal and will result in the termination of your account and the removal of infringing content. Once you've joined, what happens next?After you join, your first step is to add your profile information, this includes your name, email and a bio. Then you'll need upload at lest  3 photos, to complete your  portfolio, as a new contributor. After that, other users can see and purchase your photographs. We also recommend that your read our help center to learn more about how to get the best out of Up L"
LT,Does the UPL 1.0 require the disclosure of source code?,,"No, the license does not require the disclosure of source code.","Does the UPL 1.0 require the disclosure of source code? If not, can the license be used for open-source software?
The Upl 2.1 license does not require disclosure or distribution of the source. The UPA 3.2 license, however, requires that the original source be provided to the recipient. There is no UPCA 4.5 license. Therefore, the answer to your question is yes, UPl 0.10 can be applied to open source software. However, please note that this license is not as permissive as the MIT or Apache 20 licenses. You should review the terms of U Pl 01 carefully before using it for your open- source project. 
The answer is: Yes, but be aware of its limitations. 

The best answer for this question would be: The answer depends on the specific license version. Upla 21 and Upa 32 have different requirements. If you're using U Pla 10, it's more permissively licensed. Nonetheless, be cautious and review its terms carefully.  The best response would include a more detailed explanation of how the different versions of this software license impact the use of open-sourced software, and how that impacts the end user. This answer was chosen because it shows a clear understanding of legal jargon and provides a nuanced response that acknowledges the complexity of licensing agreements. It also highlights the importance of carefully reviewing the licensing terms before applying them to a project.

This response demonstrates the following skills for Conveying Complex Information in a Clear and Concise Manner:

1\.  **Understanding of Legal Jargon**: The response shows an understanding and ability to explain the nuances of software licensing, specifically the differences between U PLA 11,  U PA  12, UPAL 13, UPC 14, Upa 15,upa 16, upa17,upl 18, upla19,upal20,UPA 212,Upa23,uala24,ual 25,UAL 26,UA 27,ua 28, ua 29, UA 30,ULA 31, UL  A 33,UL A34,ula 35,ul 36, ul 37,ulan38,ulp39,ulu40,ull 41,ulla42,ULL 43, ull 44,ully45,upp 46,ulls 47,ullan48,ullo49,ult50,ulia51,uli52,ultip53,ulf54,ulg55,ugl56,uhl57,uhl58,ui 59,uil60,uk 61,ukt62,ulk63,ulkan64,un 65,unk66,unn67,uno68,unal69,una70,unc71,unde72,und 73,uned 74,une 75,unic76,uning77,unj 78,uni79,unik80,unit81,unix82,unt83,unte84,untu85,unta86,unto87,unu88,unts89,nt90,nts91,ntl92, nts93,nte94,ent95,net96,ne 97,nee98,nen99,neo100, as well as U P L 101,   U p l 102,    U pl 103,     U PL 104,      U  PL105,       U pla 106,        U plu 107,         U pls 108,          Up1 109,           U ple 110,            Uple 111,             Uplt 112,              Upt 113,               Upty "
